City_ID,City,Country,Date,Lat,Lng,Max Temp,Humidity,Cloudiness,Wind Speed
0,Galveston,US,2020-01-04 11:17:48,40.58,-86.19,37.0,93,90,6.93
1,Ushuaia,AR,2020-01-04 11:15:10,-54.81,-68.31,46.4,75,40,3.36
2,Guozhen,CN,2020-01-04 11:17:49,29.3,113.14,46.4,79,96,3.78
3,Upernavik,GL,2020-01-04 11:17:49,72.79,-56.15,-32.13,99,96,14.38
4,Geraldton,CA,2020-01-04 11:17:49,49.72,-86.95,12.2,92,90,2.24
5,Atuona,PF,2020-01-04 11:17:50,-9.8,-139.03,80.55,76,28,17.87
6,Busselton,AU,2020-01-04 11:17:50,-33.64,115.35,69.01,32,0,18.7
7,Port Alfred,ZA,2020-01-04 11:17:51,-33.59,26.89,71.01,98,75,1.01
8,Yulara,AU,2020-01-04 11:17:51,-25.24,130.99,62.6,100,75,19.46
9,Byron Bay,AU,2020-01-04 11:17:51,-28.65,153.62,77.0,73,0,13.87
10,Vila,IT,2020-01-04 11:16:28,45.18,8.4,54.0,75,17,2.24
11,Tura,RU,2020-01-04 11:17:52,64.27,100.22,-12.32,93,49,5.46
12,Pevek,RU,2020-01-04 11:17:53,69.7,170.27,-3.48,64,0,4.76
13,Palmer,AU,2020-01-04 11:17:53,-34.85,139.16,64.99,52,75,17.22
14,The Valley,AI,2020-01-04 11:17:54,18.22,-63.06,78.01,83,20,13.87
15,Souillac,FR,2020-01-04 11:17:55,45.6,-0.6,48.0,81,79,6.93
16,Long Xuyen,VN,2020-01-04 11:17:55,10.39,105.43,84.2,62,20,4.7
17,Great Yarmouth,GB,2020-01-04 11:17:55,52.61,1.73,46.0,81,65,13.87
18,Kavaratti,IN,2020-01-04 11:17:56,10.57,72.64,87.8,66,40,6.93
19,Ukholovo,RU,2020-01-04 11:17:56,53.79,40.49,30.33,80,94,15.08
20,Hobart,AU,2020-01-04 11:16:40,-42.88,147.33,59.0,33,75,14.99
21,Pishin,PK,2020-01-04 11:17:57,30.58,67.0,48.87,49,38,10.07
22,Vaini,IN,2020-01-04 11:17:58,15.34,74.49,82.4,39,20,11.41
23,Tuy Hoa,VN,2020-01-04 11:17:58,13.08,109.3,75.81,77,98,20.09
24,Rikitea,PF,2020-01-04 11:17:58,-23.12,-134.97,77.29,83,97,14.5
25,Albany,US,2020-01-04 11:17:59,42.65,-73.75,41.0,86,90,2.1
26,Leningradskiy,RU,2020-01-04 11:18:00,69.38,178.42,-8.55,69,32,5.3
27,Mangan,IN,2020-01-04 11:18:00,27.5,88.54,35.83,98,100,2.33
28,Zhigansk,RU,2020-01-04 11:18:01,66.77,123.37,-23.49,93,100,12.39
29,Hermanus,ZA,2020-01-04 11:18:01,-34.42,19.24,80.01,60,16,1.99
30,Nishihara,JP,2020-01-04 11:18:01,35.74,139.53,48.99,48,75,3.36
31,Kogon,UZ,2020-01-04 11:18:02,39.73,64.54,39.2,86,90,6.93
32,Churapcha,RU,2020-01-04 11:18:04,62.0,132.43,-27.35,95,73,4.41
33,Avarua,CK,2020-01-04 11:18:04,-21.21,-159.78,77.0,94,32,8.05
34,Chuy,UY,2020-01-04 11:18:04,-33.69,-53.46,72.45,60,0,5.23
35,Marawi,PH,2020-01-04 11:18:05,8.0,124.29,80.01,79,86,4.0
36,Lebu,ET,2020-01-04 11:18:05,8.96,38.73,72.52,36,68,4.25
37,Ahipara,NZ,2020-01-04 11:18:06,-35.17,173.16,57.99,87,77,18.59
38,Thompson,CA,2020-01-04 11:15:16,55.74,-97.86,-4.0,76,75,3.36
39,Waterloo,SL,2020-01-04 11:15:16,8.34,-13.07,77.0,83,75,10.29
40,Akhtubinsk,RU,2020-01-04 11:18:07,48.29,46.17,35.38,65,2,10.38
41,Qaanaaq,GL,2020-01-04 11:18:07,77.48,-69.36,-42.61,89,58,3.89
42,Saldanha,PT,2020-01-04 11:18:08,41.42,-6.55,46.92,71,0,5.57
43,Likasi,CD,2020-01-04 11:18:08,-10.99,26.74,70.32,80,100,5.3
44,Lerwick,GB,2020-01-04 11:18:08,60.15,-1.15,39.2,69,75,8.05
45,Saint George,GR,2020-01-04 11:18:09,39.45,22.34,55.4,37,20,5.82
46,Wodonga,AU,2020-01-04 11:18:09,-36.12,146.89,89.6,27,23,11.41
47,Anadyr,RU,2020-01-04 11:18:10,64.73,177.51,-32.8,66,0,11.18
48,Georgetown,GY,2020-01-04 11:16:05,6.8,-58.16,77.0,94,20,2.24
49,Yellowknife,CA,2020-01-04 11:15:16,62.45,-114.38,-2.0,83,90,4.7
50,Mataura,NZ,2020-01-04 11:18:11,-46.19,168.86,50.0,78,83,3.0
51,Oranjemund,ZA,2020-01-04 11:18:11,-28.55,16.43,71.76,57,0,17.22
52,Huarmey,PE,2020-01-04 11:18:12,-10.07,-78.15,68.52,82,99,1.41
53,Strani,CZ,2020-01-04 11:18:12,48.9,17.71,39.0,86,80,1.12
54,Kapaa,US,2020-01-04 11:18:13,22.08,-159.32,75.2,83,90,19.46
55,Ballitoville,ZA,2020-01-04 11:18:13,-29.54,31.21,95.0,62,0,13.87
56,Wanaka,NZ,2020-01-04 11:18:14,-44.7,169.14,41.68,87,100,5.95
57,Guerrero Negro,MX,2020-01-04 11:16:48,27.97,-114.04,54.97,46,0,1.99
58,Cape Town,ZA,2020-01-04 11:18:14,-33.93,18.42,80.01,61,45,10.29
59,Arraial Do Cabo,BR,2020-01-04 11:18:15,-22.97,-42.02,78.8,74,40,12.75
60,Dukat,AL,2020-01-04 11:18:15,40.25,19.57,60.01,47,35,3.0
61,Malinovoye Ozero,RU,2020-01-04 11:18:16,51.68,79.77,18.19,91,40,7.61
62,Ilulissat,GL,2020-01-04 11:16:14,69.22,-51.1,17.6,78,75,1.12
63,Marsh Harbour,BS,2020-01-04 11:18:16,26.54,-77.06,75.92,85,59,13.94
64,Cesis,LV,2020-01-04 11:18:17,57.31,25.27,36.0,86,89,8.01
65,Bukan,IR,2020-01-04 11:18:17,36.52,46.21,33.78,97,100,2.08
66,Miri,NG,2020-01-04 11:18:18,10.31,9.75,78.35,18,0,8.81
67,Hilo,US,2020-01-04 11:18:18,19.71,-155.08,69.8,77,40,8.05
68,Madang,CN,2020-01-04 11:18:19,35.32,102.79,26.22,69,66,3.02
69,Castro,CL,2020-01-04 11:18:19,-42.48,-73.76,50.0,76,40,4.7
70,Qaqortoq,GL,2020-01-04 11:18:19,60.72,-46.03,33.8,31,75,9.17
71,Anloga,GH,2020-01-04 11:18:20,5.79,0.9,80.6,21,43,18.34
72,Flinders,AU,2020-01-04 11:18:21,-34.58,150.85,77.0,60,90,21.92
73,Bredasdorp,ZA,2020-01-04 11:18:21,-34.53,20.04,80.6,51,10,9.17
74,Vila Franca Do Campo,PT,2020-01-04 11:18:21,37.72,-25.43,64.4,88,40,12.75
75,Tuktoyaktuk,CA,2020-01-04 11:18:22,69.44,-133.03,-20.16,93,100,8.79
76,Carsamba,TR,2020-01-04 11:18:22,41.2,36.72,48.2,70,75,9.17
77,Khani,GE,2020-01-04 11:18:23,41.96,42.96,55.4,37,17,24.16
78,Kawalu,ID,2020-01-04 11:18:23,-7.38,108.21,73.69,90,92,3.87
79,Falun,SE,2020-01-04 11:18:24,60.61,15.63,37.99,51,7,23.04
80,Buala,SB,2020-01-04 11:18:24,-8.15,159.59,81.95,78,99,5.97
81,Tofte,NO,2020-01-04 11:18:25,59.54,10.56,39.2,44,15,18.34
82,Petropavlovsk-Kamchatskiy,RU,2020-01-04 11:18:25,53.05,158.65,15.8,92,75,2.24
83,Tripoli,GR,2020-01-04 11:18:26,37.51,22.37,59.0,33,0,1.12
84,Kruisfontein,ZA,2020-01-04 11:18:26,-34.0,24.73,86.56,50,68,15.84
85,Punta Arenas,CL,2020-01-04 11:18:27,-53.16,-70.91,48.2,75,58,9.17
86,Kon Tum,VN,2020-01-04 11:18:27,14.36,108.0,62.49,84,76,4.07
87,Fairbanks,US,2020-01-04 11:17:40,64.84,-147.72,-20.0,66,0,4.43
88,Kodiak,US,2020-01-04 11:18:28,39.95,-94.76,30.99,68,1,14.99
89,Stromness,CA,2020-01-04 11:18:28,42.87,-79.55,35.6,93,90,11.41
90,Saint Anthony,US,2020-01-04 11:18:29,43.97,-111.68,15.8,85,75,5.82
91,Esperance,AU,2020-01-04 11:18:29,-33.86,121.89,64.4,52,0,19.46
92,Alliance,US,2020-01-04 11:18:30,40.92,-81.11,43.0,93,90,9.17
93,Butaritari,KI,2020-01-04 11:18:30,3.07,172.79,84.29,80,53,15.5
94,Umm Lajj,SA,2020-01-04 11:18:31,25.02,37.27,65.37,42,61,13.78
95,Sheridan,US,2020-01-04 11:13:51,39.65,-105.03,37.4,64,20,5.82
96,Terenos,BR,2020-01-04 11:18:32,-20.44,-54.87,78.8,78,20,5.82
97,Fort Nelson,CA,2020-01-04 11:18:32,58.81,-122.69,-4.0,76,90,6.93
98,Springbok,ZA,2020-01-04 11:18:32,-29.67,17.88,94.32,10,0,18.43
99,Marsa Matruh,EG,2020-01-04 11:18:33,31.35,27.25,55.4,66,40,16.11
100,Laguna,BZ,2020-01-04 11:18:33,16.17,-88.94,71.6,94,75,4.74
101,Mahebourg,MU,2020-01-04 11:18:34,-20.41,57.7,82.99,78,75,11.41
102,Labuhan,ID,2020-01-04 11:18:34,-2.54,115.51,80.56,74,83,1.05
103,Shirokiy,RU,2020-01-04 11:18:35,53.87,39.17,30.51,83,81,15.66
104,Chokurdakh,RU,2020-01-04 11:18:35,70.62,147.9,-15.7,97,39,3.69
105,Aromashevo,RU,2020-01-04 11:18:36,56.86,68.64,21.88,91,100,15.23
106,Sitka,US,2020-01-04 11:18:36,37.17,-99.65,28.99,85,11,2.13
107,Vila Velha,BR,2020-01-04 11:18:37,-3.71,-38.6,86.0,74,75,6.93
108,Bluff,AU,2020-01-04 11:18:37,-23.58,149.07,73.26,64,0,15.12
109,Bontang,ID,2020-01-04 11:18:38,0.12,117.47,81.3,82,66,7.58
110,Carnarvon,ZA,2020-01-04 11:18:38,-30.97,22.13,97.18,6,0,26.26
111,Belmonte,PT,2020-01-04 11:18:38,40.36,-7.35,64.99,91,3,7.38
112,General Roca,AR,2020-01-04 11:18:39,-39.03,-67.58,73.4,46,19,4.7
113,Barrow,AR,2020-01-04 11:18:39,-38.31,-60.23,75.92,53,0,14.03
114,Constitucion,MX,2020-01-04 11:18:40,23.99,-104.67,34.0,85,5,4.7
115,Alyangula,AU,2020-01-04 11:18:40,-13.85,136.42,84.2,79,56,6.93
116,Nikolskoye,RU,2020-01-04 11:18:40,59.7,30.79,34.0,74,90,17.9
117,Los Llanos De Aridane,ES,2020-01-04 11:18:41,28.66,-17.92,69.8,60,20,5.82
118,Nagua,DO,2020-01-04 11:15:02,19.37,-69.85,71.6,94,40,3.67
119,Sistranda,NO,2020-01-04 11:18:42,63.73,8.83,37.0,86,40,36.91
120,Narsaq,GL,2020-01-04 11:18:42,60.91,-46.05,33.8,31,75,9.17
121,Tubuala,PA,2020-01-04 11:18:43,9.52,-79.03,73.99,94,20,7.63
122,Jamestown,AU,2020-01-04 11:18:43,-33.21,138.6,62.46,53,38,16.44
123,New Norfolk,AU,2020-01-04 11:18:44,-42.78,147.06,59.0,33,75,14.99
124,Bethel,US,2020-01-04 11:18:44,60.79,-161.76,-9.4,57,20,8.05
125,Codrington,AU,2020-01-04 11:18:44,-28.95,153.24,77.0,64,0,5.82
126,Sorong,ID,2020-01-04 11:18:45,-0.86,131.25,74.98,96,100,1.81
127,Davila,PH,2020-01-04 11:18:45,18.47,120.58,77.0,73,40,11.41
128,Tasiilaq,GL,2020-01-04 11:18:46,65.61,-37.64,23.0,53,100,26.4
129,Airai,TL,2020-01-04 11:18:46,-8.93,125.41,69.4,80,100,4.23
130,Neiafu,TO,2020-01-04 11:18:46,-18.65,-173.98,79.3,76,3,12.17
131,Moose Factory,CA,2020-01-04 11:18:47,51.26,-80.61,6.8,92,90,5.82
132,Luderitz,NA,2020-01-04 11:18:47,-26.65,15.16,62.04,87,0,18.05
133,Mogadishu,SO,2020-01-04 11:18:48,2.04,45.34,84.2,66,75,16.11
134,Naze,NG,2020-01-04 11:18:48,5.43,7.07,91.9,19,56,8.19
135,San Patricio,PY,2020-01-04 11:18:49,-26.98,-56.83,78.48,62,27,5.08
136,Shingu,JP,2020-01-04 11:18:49,33.72,135.99,50.0,57,40,12.75
137,East London,ZA,2020-01-04 11:18:50,-33.02,27.91,78.8,88,40,8.05
138,Weligama,LK,2020-01-04 11:18:50,5.97,80.42,82.02,78,53,7.07
139,Ribeira Grande,PT,2020-01-04 11:18:50,38.52,-28.7,64.4,88,40,17.22
140,Torbay,CA,2020-01-04 11:18:51,47.66,-52.73,32.0,92,90,8.05
141,Ancud,CL,2020-01-04 11:18:51,-41.87,-73.83,50.0,76,17,4.7
142,Boda,CF,2020-01-04 11:18:52,4.32,17.47,95.68,12,22,7.38
143,Susanville,US,2020-01-04 11:18:52,40.42,-120.65,48.2,45,1,25.28
144,Roald,NO,2020-01-04 11:18:52,62.58,6.12,37.0,74,75,13.87
145,Khatanga,RU,2020-01-04 11:18:53,71.98,102.47,-10.62,93,95,4.61
146,Kirovohrad,UA,2020-01-04 11:18:53,48.51,32.26,38.64,63,36,9.71
147,Cassia,US,2020-01-04 11:18:54,28.89,-81.47,72.0,92,75,8.05
148,Sabha,LY,2020-01-04 11:18:54,27.03,14.43,56.43,41,0,7.05
149,Alta Floresta,BR,2020-01-04 11:18:54,-9.87,-56.08,71.74,98,100,6.08
150,Burns Lake,CA,2020-01-04 11:18:55,54.23,-125.76,21.25,78,0,7.63
151,Hualmay,PE,2020-01-04 11:18:55,-11.1,-77.61,68.2,86,99,2.95
152,Tilichiki,RU,2020-01-04 11:18:57,60.47,166.1,-1.89,66,84,4.68
153,Lubbenau,DE,2020-01-04 11:18:57,51.87,13.97,42.01,86,75,17.22
154,Sueca,ES,2020-01-04 11:18:57,39.2,-0.31,57.99,66,0,2.24
155,Norman Wells,CA,2020-01-04 11:18:58,65.28,-126.83,-25.6,74,75,2.24
156,Poya,NC,2020-01-04 11:18:58,-21.35,165.16,76.15,76,0,17.27
157,Port-Gentil,GA,2020-01-04 11:18:59,-0.72,8.78,87.8,79,40,10.29
158,Ketchikan,US,2020-01-04 11:18:59,55.34,-131.65,28.4,92,90,3.36
159,Tabou,CI,2020-01-04 11:18:59,4.42,-7.36,88.02,22,1,5.23
160,Grindavik,IS,2020-01-04 11:19:00,63.84,-22.43,33.8,100,90,49.44
161,Tessalit,ML,2020-01-04 11:19:00,20.2,1.01,69.39,17,1,18.45
162,Matagami,NG,2020-01-04 11:19:01,9.67,8.4,91.27,15,2,3.33
163,Aklavik,CA,2020-01-04 11:19:02,68.22,-135.01,-23.8,74,20,2.24
164,Maua,KE,2020-01-04 11:19:03,0.23,37.94,81.81,59,69,4.72
165,Gizycko,PL,2020-01-04 11:19:03,54.04,21.76,35.83,94,91,20.18
166,Musiri,IN,2020-01-04 11:19:03,10.95,78.44,91.4,52,20,6.93
167,Hambantota,LK,2020-01-04 11:19:04,6.12,81.12,87.8,79,40,4.7
168,Borovskoy,KZ,2020-01-04 11:19:04,53.8,64.15,17.49,91,99,14.99
169,Provideniya,RU,2020-01-04 11:19:05,64.42,-173.23,-14.19,77,0,9.1
170,Clyde River,CA,2020-01-04 11:19:05,70.47,-68.59,-23.8,67,1,5.82
171,Hasaki,JP,2020-01-04 11:19:06,35.73,140.83,39.0,74,20,4.7
172,Nioro,GM,2020-01-04 11:19:06,13.79,-15.05,83.03,8,62,15.21
173,Buchanan,LR,2020-01-04 11:19:07,5.88,-10.05,80.6,74,40,12.75
174,Camopi,GF,2020-01-04 11:19:07,3.17,-52.33,77.45,79,91,4.72
175,Peniche,PT,2020-01-04 11:18:16,39.36,-9.38,57.0,76,20,11.41
176,Bonfim,GY,2020-01-04 11:19:08,3.36,-59.84,77.52,68,63,13.15
177,Charters Towers,AU,2020-01-04 11:19:09,-20.07,146.27,73.26,75,48,14.12
178,Belousovka,KZ,2020-01-04 11:19:09,50.13,82.52,21.2,85,75,2.62
179,Cheney,US,2020-01-04 11:19:10,47.49,-117.58,51.8,60,75,13.87
180,Jalu,LY,2020-01-04 11:19:10,29.03,21.55,61.2,48,39,15.5
181,Vernon,CA,2020-01-04 11:19:11,50.27,-119.27,41.0,65,90,3.36
182,Saskylakh,RU,2020-01-04 11:19:11,71.97,114.09,-22.05,97,88,7.25
183,Itaqui,BR,2020-01-04 11:19:11,-29.13,-56.55,75.97,62,0,10.58
184,Pangody,RU,2020-01-04 11:19:12,65.85,74.49,10.29,94,99,15.05
185,Teya,MX,2020-01-04 11:19:12,21.05,-89.07,73.99,94,20,4.7
186,Williston,US,2020-01-04 11:19:13,48.15,-103.62,30.0,92,1,8.01
187,Batagay-Alyta,RU,2020-01-04 11:19:03,67.8,130.41,-24.34,94,0,4.09
188,Longyearbyen,NO,2020-01-04 11:18:50,78.22,15.63,5.0,60,20,5.82
189,Namatanai,PG,2020-01-04 11:19:15,-3.66,152.44,85.03,68,59,1.39
190,Hay River,CA,2020-01-04 11:19:15,60.82,-115.79,-0.4,84,75,14.99
191,Itoman,JP,2020-01-04 11:19:15,26.12,127.67,66.2,72,75,10.29
192,Bull Savanna,JM,2020-01-04 11:19:16,17.89,-77.59,67.75,85,92,3.47
193,Kondinskoye,RU,2020-01-04 11:19:16,59.65,67.41,24.94,92,100,12.95
194,Dikson,RU,2020-01-04 11:19:17,73.51,80.55,-8.99,92,2,15.3
195,Puerto Ayora,EC,2020-01-04 11:19:17,-0.74,-90.35,73.99,82,99,3.0
196,Salta,AR,2020-01-04 11:19:18,-24.79,-65.41,69.8,77,36,2.24
197,Esso,RU,2020-01-04 11:19:18,55.93,158.7,4.98,99,95,5.53
198,Omsukchan,RU,2020-01-04 11:19:18,62.53,155.8,-4.67,85,100,2.37
199,Avera,US,2020-01-04 11:19:19,33.19,-82.53,61.0,88,90,3.36
200,Deputatskiy,RU,2020-01-04 11:19:19,69.3,139.9,-14.78,93,9,0.98
201,Marabba,SD,2020-01-04 11:19:20,12.35,32.18,86.47,14,0,15.52
202,Vanavara,RU,2020-01-04 11:19:20,60.35,102.28,3.76,94,62,4.65
203,Sioux Lookout,CA,2020-01-04 11:19:20,50.1,-91.92,21.2,92,90,3.36
204,Faanui,PF,2020-01-04 11:19:21,-16.48,-151.75,81.03,79,86,10.58
205,Verkhniy Baskunchak,KZ,2020-01-04 11:19:21,48.23,46.72,35.22,62,0,9.04
206,Tuatapere,NZ,2020-01-04 11:19:22,-46.13,167.69,50.0,78,100,3.0
207,Dryden,CA,2020-01-04 11:19:22,49.79,-92.84,21.2,92,90,6.93
208,Kudahuvadhoo,MV,2020-01-04 11:19:22,2.67,72.89,84.11,67,69,4.12
209,Haimen,CN,2020-01-04 11:19:23,31.87,121.18,48.0,80,87,1.01
210,Puerto Berrio,CO,2020-01-04 11:19:24,6.49,-74.4,71.49,92,85,1.39
211,Chekhov,RU,2020-01-04 11:19:24,55.14,37.45,33.01,92,90,11.18
212,Seoul,KR,2020-01-04 11:17:10,37.57,126.98,39.2,55,0,8.05
213,Saint-Philippe,CA,2020-01-04 11:19:25,45.36,-73.48,37.0,93,90,3.33
214,Richards Bay,ZA,2020-01-04 11:19:26,-28.77,32.06,80.49,83,17,32.53
215,Faya,SA,2020-01-04 11:19:26,18.39,42.45,68.0,59,75,10.29
216,Port Elizabeth,US,2020-01-04 11:19:26,39.31,-74.98,53.01,93,90,11.61
217,Mundybash,RU,2020-01-04 11:19:27,53.21,87.28,21.29,97,100,3.83
218,Dickson,US,2020-01-04 11:17:35,36.08,-87.39,44.6,86,90,8.05
219,Joshimath,IN,2020-01-04 11:19:28,30.57,79.57,26.11,87,99,2.51
220,Mishkino,RU,2020-01-04 11:19:28,56.22,46.62,30.2,86,75,17.9
221,Gamba,CN,2020-01-04 11:19:29,28.28,88.52,12.65,47,83,15.75
222,Nouadhibou,MR,2020-01-04 11:19:29,20.93,-17.03,62.6,33,32,18.34
223,Mar Del Plata,AR,2020-01-04 11:18:58,-46.43,-67.52,61.09,33,0,11.59
224,Chihuahua,MX,2020-01-04 11:19:30,28.66,-106.08,30.0,81,0,1.01
225,Malindi,KE,2020-01-04 11:19:30,-3.22,40.12,87.8,66,40,11.41
226,Yamada,JP,2020-01-04 11:19:31,36.58,137.08,42.8,93,75,3.36
227,Amga,RU,2020-01-04 11:19:31,60.89,131.98,-22.31,96,88,2.39
228,Najran,SA,2020-01-04 11:19:33,17.54,44.22,87.8,20,20,6.93
229,Traverse City,US,2020-01-04 11:19:33,44.76,-85.62,30.2,80,90,10.29
230,Victoria,BN,2020-01-04 11:18:57,5.28,115.24,82.4,78,75,10.29
231,Tarko-Sale,RU,2020-01-04 11:19:34,64.92,77.78,10.99,87,88,1.01
232,Bandar-E Lengeh,IR,2020-01-04 11:19:34,26.56,54.88,75.2,64,0,6.93
233,Vardo,US,2020-01-04 11:19:35,39.62,-77.74,51.8,93,90,8.05
234,Chapais,CA,2020-01-04 11:19:35,49.78,-74.86,14.0,85,90,6.93
235,Walvis Bay,NA,2020-01-04 11:19:36,-22.95,14.51,69.8,64,66,11.41
236,Olinda,AU,2020-01-04 11:19:36,-37.84,145.39,61.0,63,90,16.11
237,Champerico,MX,2020-01-04 11:19:37,16.38,-93.6,63.97,90,100,8.81
238,Babstovo,RU,2020-01-04 11:19:37,48.12,132.48,-0.9,81,77,10.4
239,Husavik,CA,2020-01-04 11:19:38,50.56,-96.99,24.01,92,96,1.99
240,Bambous Virieux,MU,2020-01-04 11:18:43,-20.34,57.76,82.99,78,75,11.41
241,Mehamn,NO,2020-01-04 11:19:38,71.03,27.85,22.53,87,100,30.87
242,Samarai,PG,2020-01-04 11:19:39,-10.62,150.67,78.75,81,100,1.03
243,Klaksvik,FO,2020-01-04 11:19:39,62.23,-6.59,33.8,69,100,12.75
244,Bathsheba,BB,2020-01-04 11:19:40,13.22,-59.52,78.8,74,40,11.41
245,Severodvinsk,RU,2020-01-04 11:19:40,64.56,39.82,30.2,74,20,8.95
246,San-Pedro,CI,2020-01-04 11:19:40,4.75,-6.64,79.88,39,2,11.83
247,Berdigestyakh,RU,2020-01-04 11:19:41,62.1,126.7,-16.76,98,98,4.59
248,Mattru,SL,2020-01-04 11:19:41,7.62,-11.83,89.53,17,7,6.02
249,San Julian,PH,2020-01-04 11:19:42,11.75,125.45,79.34,83,50,13.53
250,Jaciara,BR,2020-01-04 11:19:42,-15.95,-54.98,79.59,84,20,6.82
251,Ouadda,CF,2020-01-04 11:19:42,8.07,22.4,96.21,16,39,6.4
252,Seydi,NE,2020-01-04 11:19:43,13.34,7.75,66.2,20,99,24.16
253,Nelson Bay,AU,2020-01-04 11:19:43,-32.72,152.14,93.99,33,0,5.82
254,Georgiyevka,RU,2020-01-04 11:19:44,52.25,40.45,31.77,89,98,16.64
255,Gizo,IL,2020-01-04 11:19:44,31.8,34.94,59.0,100,75,3.36
256,Whitehorse,CA,2020-01-04 11:19:44,60.72,-135.06,1.99,84,90,6.93
257,Merauke,ID,2020-01-04 11:18:07,-8.49,140.4,80.13,79,97,3.56
258,Kochki,RU,2020-01-04 11:19:46,54.33,80.49,14.94,93,98,14.81
259,Katangli,RU,2020-01-04 11:19:46,51.71,143.23,4.23,87,100,11.86
260,Dolgorukovo,RU,2020-01-04 11:19:47,52.32,38.35,29.61,85,100,15.03
261,Tiksi,RU,2020-01-04 11:19:42,71.64,128.87,-16.53,82,80,11.32
262,Mount Gambier,AU,2020-01-04 11:19:48,-37.83,140.78,57.2,67,75,11.41
263,Robertsport,LR,2020-01-04 11:19:48,6.75,-11.37,78.42,56,0,5.59
264,Pangnirtung,CA,2020-01-04 11:19:48,66.15,-65.72,-0.22,96,100,2.06
265,Semnan,IR,2020-01-04 11:19:49,35.58,53.39,46.67,46,57,2.13
266,Ust-Maya,RU,2020-01-04 11:19:49,60.42,134.54,-31.16,98,0,1.83
267,Hithadhoo,MV,2020-01-04 11:19:24,-0.6,73.08,83.95,69,80,6.26
268,Purwa,IN,2020-01-04 11:19:50,26.46,80.77,66.2,68,40,4.7
269,Oktyabrskoye,RU,2020-01-04 11:19:50,56.73,85.44,19.0,78,40,13.42
270,Leticia,CO,2020-01-04 11:19:51,-4.21,-69.94,75.2,100,75,0.67
271,Comodoro Rivadavia,AR,2020-01-04 11:19:41,-45.87,-67.48,62.6,39,20,11.41
272,Lorengau,PG,2020-01-04 11:19:52,-2.02,147.27,84.4,73,100,7.23
273,Balabac,PH,2020-01-04 11:19:52,7.99,117.06,81.07,79,0,15.9
274,Ust-Ishim,RU,2020-01-04 11:19:53,57.69,71.17,18.7,91,100,11.36
275,Bubaque,GW,2020-01-04 11:19:53,11.28,-15.83,75.56,42,23,15.28
276,Nanortalik,GL,2020-01-04 11:19:53,60.14,-45.24,28.24,96,100,3.06
277,Gillette,US,2020-01-04 11:19:54,44.29,-105.5,37.4,59,1,16.11
278,Severo-Kurilsk,RU,2020-01-04 11:19:54,50.68,156.12,26.13,98,98,35.39
279,Manadhoo,MV,2020-01-04 11:19:55,5.77,73.38,83.21,75,0,8.99
280,Chukhloma,RU,2020-01-04 11:19:55,58.76,42.68,32.04,95,100,9.26
281,Lillooet,CA,2020-01-04 11:19:56,50.69,-121.94,42.8,81,90,16.11
282,Umm Kaddadah,SD,2020-01-04 11:19:56,13.6,26.69,75.56,13,44,19.1
283,Novosergiyevka,RU,2020-01-04 11:19:57,52.08,53.65,25.75,94,100,13.91
284,Altamira,BR,2020-01-04 11:17:59,-3.2,-52.21,75.2,100,75,0.6
285,Kosh-Agach,RU,2020-01-04 11:19:58,49.99,88.66,-4.63,93,97,0.98
286,Solnechnyy,RU,2020-01-04 11:19:58,50.72,136.64,-11.13,90,11,1.63
287,Bilara,IN,2020-01-04 11:19:58,26.18,73.71,68.29,36,0,3.94
288,Norfolk,US,2020-01-04 11:17:18,36.85,-76.29,60.01,100,90,4.7
289,Kilmallock,IE,2020-01-04 11:20:00,52.4,-8.57,48.2,87,75,9.17
290,Tomatlan,MX,2020-01-04 11:20:00,19.93,-105.25,56.7,56,30,3.58
291,Kamen-Rybolov,RU,2020-01-04 11:20:00,44.75,132.04,6.15,86,0,2.68
292,Hofn,IS,2020-01-04 11:16:12,64.25,-15.21,34.34,98,100,25.23
293,Kelvington,CA,2020-01-04 11:20:02,52.16,-103.52,11.57,92,80,13.51
294,Przasnysz,PL,2020-01-04 11:20:02,53.02,20.88,41.0,80,75,14.99
295,Douglas,US,2020-01-04 11:20:03,58.28,-134.39,24.8,73,75,5.82
296,Meybod,IR,2020-01-04 11:20:03,32.25,54.02,44.6,65,75,2.46
297,Mount Isa,AU,2020-01-04 11:20:04,-20.73,139.49,93.2,32,18,14.99
298,Bogorodskoye,RU,2020-01-04 11:20:04,52.37,140.44,-3.17,99,99,3.2
299,Peterhead,AU,2020-01-04 11:20:04,-34.83,138.5,64.99,55,75,16.11
300,Ilebo,CD,2020-01-04 11:20:05,-4.33,20.59,94.6,38,100,1.28
301,Birin,NP,2020-01-04 11:20:05,26.89,88.07,42.87,97,67,1.25
302,Puerto Escondido,MX,2020-01-04 11:19:18,15.86,-97.07,68.7,79,23,3.36
303,Beyneu,KZ,2020-01-04 11:20:06,45.32,55.19,30.99,63,60,1.68
304,Ossora,RU,2020-01-04 11:20:07,59.24,163.07,15.46,94,100,11.41
305,Dwarka,IN,2020-01-04 11:19:42,28.58,77.04,66.2,45,20,9.17
306,North Las Vegas,US,2020-01-04 11:20:08,36.2,-115.11,42.8,69,1,5.82
307,Chiredzi,ZW,2020-01-04 11:20:08,-21.05,31.67,102.4,16,0,13.33
308,Sinnamary,GF,2020-01-04 11:20:09,5.38,-52.96,79.54,82,54,14.61
309,Kavieng,PG,2020-01-04 11:20:09,-2.57,150.8,85.37,67,49,1.43
310,Kaeo,NZ,2020-01-04 11:20:10,-35.1,173.78,57.99,87,95,12.59
311,Caravelas,BR,2020-01-04 11:20:10,-17.73,-39.27,74.66,89,100,7.76
312,Zaraza,VE,2020-01-04 11:20:11,9.35,-65.33,73.74,88,12,6.4
313,Lavrentiya,RU,2020-01-04 11:20:11,65.58,-170.99,-14.33,91,0,11.07
314,Katsuura,JP,2020-01-04 11:20:12,33.93,134.5,53.6,43,40,10.29
315,Tornio,FI,2020-01-04 11:20:12,61.12,27.27,33.8,64,90,14.99
316,Cherskiy,RU,2020-01-04 11:20:13,68.75,161.3,-2.0,60,19,6.2
317,Lagoa,PT,2020-01-04 11:20:13,37.14,-8.45,61.0,67,0,5.82
318,Chateau-Gontier,FR,2020-01-04 11:20:13,47.83,-0.7,46.0,93,66,2.24
319,Mlandizi,TZ,2020-01-04 11:20:14,-6.71,38.74,91.4,55,40,14.99
320,Opatija,HR,2020-01-04 11:20:14,45.33,14.3,60.01,46,1,3.36
321,Isangel,VU,2020-01-04 11:20:15,-19.55,169.27,76.12,80,9,15.82
322,Maragogi,BR,2020-01-04 11:20:15,-9.01,-35.22,79.34,77,100,11.95
323,Picayune,US,2020-01-04 11:16:47,30.53,-89.68,59.0,87,90,4.7
324,Urengoy,RU,2020-01-04 11:20:16,65.96,78.37,7.02,94,92,12.97
325,Farmington,US,2020-01-04 11:20:02,36.73,-108.21,19.4,85,1,6.93
326,Palu,ID,2020-01-04 11:20:17,-0.9,119.87,68.22,99,100,0.63
327,Meulaboh,ID,2020-01-04 11:20:17,4.14,96.13,83.66,72,0,4.12
328,Bambari,CF,2020-01-04 11:20:18,5.77,20.68,100.8,12,52,4.5
329,Neka,IR,2020-01-04 11:20:18,36.65,53.3,55.4,66,20,6.93
330,Panjab,AF,2020-01-04 11:20:19,34.38,67.02,6.31,98,76,2.42
331,Caborca,MX,2020-01-04 11:20:19,30.58,-111.1,33.01,90,0,4.54
332,Easton,US,2020-01-04 11:20:19,38.77,-76.08,55.99,100,90,3.36
333,Bonavista,CA,2020-01-04 11:20:20,48.65,-53.11,23.07,84,13,10.04
334,Fukue,JP,2020-01-04 11:20:20,35.03,136.69,50.0,61,75,13.87
335,Vallenar,CL,2020-01-04 11:20:20,-28.58,-70.76,60.12,73,0,2.53
336,Koroni,GR,2020-01-04 11:20:21,36.8,21.96,59.0,33,0,1.12
337,Iqaluit,CA,2020-01-04 11:20:21,63.75,-68.52,8.6,84,90,23.04
338,Touros,BR,2020-01-04 11:20:22,-5.2,-35.46,84.2,66,75,9.17
339,Zmeinogorsk,RU,2020-01-04 11:20:23,51.15,82.2,15.82,91,54,5.64
340,Porvoo,FI,2020-01-04 11:20:23,60.4,25.66,37.0,64,20,13.87
341,Bilma,NE,2020-01-04 11:20:23,18.69,12.92,63.68,23,0,4.99
342,Angouleme,FR,2020-01-04 11:20:24,45.65,0.15,48.0,87,73,5.82
343,Saint-Francois,FR,2020-01-04 11:20:24,46.42,3.91,44.6,70,90,9.17
344,Dinghai,CN,2020-01-04 11:20:25,26.28,119.79,59.0,93,90,11.18
345,Rioja,PE,2020-01-04 11:20:26,-6.06,-77.17,64.56,98,69,0.56
346,Portland,US,2020-01-04 11:20:26,43.66,-70.25,39.0,80,90,8.97
347,Stralsund,DE,2020-01-04 11:20:27,54.31,13.08,37.4,93,75,19.46
348,Corumba,BR,2020-01-04 11:20:27,-19.0,-57.65,77.0,78,3,3.36
349,Grand Gaube,MU,2020-01-04 11:20:27,-20.01,57.66,82.0,78,75,11.41
350,Makaha,US,2020-01-04 11:20:28,21.47,-158.22,75.2,100,90,15.19
351,Bitung,ID,2020-01-04 11:20:28,1.44,125.19,77.0,100,20,2.24
352,Miraflores,PE,2020-01-04 11:20:29,-16.39,-71.52,55.4,93,40,2.17
353,Alugan,PH,2020-01-04 11:19:02,12.22,125.48,80.44,80,53,15.26
354,Matara,BI,2020-01-04 11:20:30,-3.48,29.48,69.6,79,79,5.26
355,Pombas,BR,2020-01-04 11:20:30,-15.9,-54.74,79.72,76,20,3.56
356,Westport,US,2020-01-04 11:20:31,41.14,-73.36,46.99,93,90,4.7
357,Las Vegas,US,2020-01-04 11:16:59,36.17,-115.15,42.8,69,1,6.93
358,Port Lincoln,AU,2020-01-04 11:19:39,-34.72,135.86,59.45,78,100,17.87
359,Belaya Gora,RU,2020-01-04 11:20:32,68.54,146.19,-16.76,95,78,1.45
360,Cananeia,BR,2020-01-04 11:20:32,-25.01,-47.93,77.47,74,74,5.48
361,Besancon,FR,2020-01-04 11:20:33,47.25,6.02,44.6,100,90,3.36
362,Rocha,UY,2020-01-04 11:20:33,-34.48,-54.34,72.07,57,0,7.05
363,Luanda,AO,2020-01-04 11:20:33,-8.83,13.24,73.4,94,90,5.82
364,Tehachapi,US,2020-01-04 11:18:01,35.13,-118.45,48.2,86,1,3.36
365,Derbent,RU,2020-01-04 11:20:34,42.06,48.29,45.16,83,97,15.88
366,Bethanien,NA,2020-01-04 11:20:35,-26.5,17.16,102.54,10,0,15.61
367,Yar-Sale,RU,2020-01-04 11:19:47,66.83,70.83,10.29,94,100,13.85
368,Chandbali,IN,2020-01-04 11:20:36,20.77,86.74,68.27,74,80,4.61
369,Mana,NG,2020-01-04 11:20:36,13.03,5.27,75.85,14,27,19.1
370,Carutapera,BR,2020-01-04 11:20:37,-1.2,-46.02,81.79,73,100,4.79
371,Rahuri,IN,2020-01-04 11:20:37,19.39,74.65,77.45,39,0,5.37
372,Bilibino,RU,2020-01-04 11:20:37,68.06,166.44,-4.36,48,0,1.5
373,Kenai,US,2020-01-04 11:20:38,60.55,-151.26,0.0,76,1,11.48
374,Joao Pessoa,BR,2020-01-04 11:20:38,-7.12,-34.86,82.4,65,40,11.41
375,Ritchie,ZA,2020-01-04 11:20:38,-29.03,24.6,89.6,33,40,12.75
376,Chunoyar,RU,2020-01-04 11:20:39,57.45,97.32,17.06,96,98,6.02
377,Tamworth,AU,2020-01-04 11:20:40,-31.09,150.93,91.4,26,0,7.02
378,Paysandu,UY,2020-01-04 11:18:02,-32.32,-58.08,70.0,77,0,5.01
379,Prince Rupert,CA,2020-01-04 11:20:41,54.32,-130.32,39.2,73,90,5.82
380,San Lorenzo,HN,2020-01-04 11:20:41,13.43,-87.45,71.94,74,54,2.24
381,Yerbogachen,RU,2020-01-04 11:20:42,61.28,108.01,11.37,92,95,8.21
382,Sao Joao Da Barra,BR,2020-01-04 11:20:42,-21.64,-41.05,80.6,74,40,2.24
383,Kuytun,RU,2020-01-04 11:20:42,54.34,101.51,18.28,79,93,2.66
384,Mayahi,NE,2020-01-04 11:20:43,13.95,7.67,72.46,15,95,21.34
385,Chernyshevsk,RU,2020-01-04 11:20:43,52.51,117.01,-5.84,99,0,1.25
386,Nyurba,RU,2020-01-04 11:20:44,63.29,118.35,-16.69,98,98,3.6
387,Usinsk,RU,2020-01-04 11:20:44,66.0,57.56,32.52,98,100,22.3
388,Aland,IN,2020-01-04 11:20:44,17.57,76.57,83.44,33,17,5.5
389,Basco,US,2020-01-04 11:20:45,40.33,-91.2,33.01,93,90,10.29
390,Dunedin,NZ,2020-01-04 11:20:45,-45.87,170.5,51.01,61,76,15.01
391,Milton,AU,2020-01-04 11:20:46,-35.32,150.44,73.4,60,90,24.16
392,Ambilobe,MG,2020-01-04 11:20:46,-13.19,49.05,85.91,68,37,8.16
393,Nome,US,2020-01-04 11:20:47,30.04,-94.42,50.0,81,1,9.17
394,Burgeo,CA,2020-01-04 11:20:47,47.61,-57.61,28.56,96,100,3.33
395,Phan Thiet,VN,2020-01-04 11:20:31,10.93,108.1,72.3,72,93,3.06
396,Alpena,US,2020-01-04 11:20:48,45.06,-83.43,30.2,86,90,5.82
397,Kapiri Mposhi,ZM,2020-01-04 11:20:48,-13.97,28.68,76.48,81,100,6.06
398,Aburi,GH,2020-01-04 11:20:49,5.85,-0.18,80.6,30,0,12.75
399,Ortona,IT,2020-01-04 11:20:49,42.35,14.4,55.0,61,40,4.7
400,Honningsvag,NO,2020-01-04 11:20:49,70.98,25.97,25.45,83,100,34.11
401,Iquique,CL,2020-01-04 11:20:50,-20.22,-70.14,68.0,72,29,6.93
402,Salalah,OM,2020-01-04 11:20:50,17.01,54.1,80.6,61,20,13.87
403,Antalaha,MG,2020-01-04 11:20:51,-14.9,50.28,83.93,74,63,9.19
404,Natal,BR,2020-01-04 11:20:51,-5.81,-35.21,84.2,66,75,9.17
405,Ostrovnoy,RU,2020-01-04 11:20:52,68.05,39.51,26.6,87,84,27.72
406,De Aar,ZA,2020-01-04 11:20:53,-30.65,24.01,98.29,9,0,20.6
407,Antofagasta,CL,2020-01-04 11:17:57,-23.65,-70.4,66.2,82,75,3.36
408,Nampula,MZ,2020-01-04 11:20:53,-15.12,39.26,86.0,66,75,5.82
409,Sao Filipe,CV,2020-01-04 11:20:54,14.9,-24.5,73.85,66,1,12.37
410,Norden,DE,2020-01-04 11:20:54,53.59,7.21,46.4,81,75,23.04
411,Filadelfia,PY,2020-01-04 11:20:55,-22.35,-60.04,82.47,42,0,8.08
412,Atar,MR,2020-01-04 11:20:55,20.52,-13.05,70.9,13,99,22.57
413,Staunton,US,2020-01-04 11:20:55,38.15,-79.07,57.2,93,75,5.82
414,Carmen,PH,2020-01-04 11:20:56,7.36,125.71,82.4,74,75,6.93
415,Panaba,MX,2020-01-04 11:20:56,21.28,-88.27,73.09,88,98,1.7
416,Henties Bay,NA,2020-01-04 11:20:57,-22.12,14.28,66.99,81,68,3.0
417,Paracatu,BR,2020-01-04 11:20:57,-17.22,-46.87,74.39,85,75,11.36
418,Chimbote,PE,2020-01-04 11:20:58,-9.08,-78.59,68.49,87,91,2.57
419,Ostersund,SE,2020-01-04 11:20:58,63.18,14.64,30.2,68,40,24.16
420,Ketrzyn,PL,2020-01-04 11:20:58,54.08,21.38,36.01,94,87,21.5
421,Cabatuan,PH,2020-01-04 11:20:59,16.95,121.67,69.78,89,56,3.8
422,Kaitangata,NZ,2020-01-04 11:19:38,-46.28,169.85,50.13,72,99,11.92
423,Komsomolskiy,RU,2020-01-04 11:21:00,67.55,63.78,25.27,96,98,15.84
424,Kazachinskoye,RU,2020-01-04 11:21:00,57.69,93.28,20.1,88,83,9.57
425,Dakar,SN,2020-01-04 11:20:24,14.69,-17.45,78.8,19,51,9.17
426,Thunder Bay,CA,2020-01-04 11:21:01,48.41,-89.26,21.2,92,90,4.7
427,Moree,AU,2020-01-04 11:16:56,-29.46,149.84,95.0,19,0,8.05
428,Khandyga,RU,2020-01-04 11:21:02,62.65,135.58,-30.55,97,2,1.21
429,Salvador,BR,2020-01-04 11:21:02,-12.98,-38.48,82.4,78,75,5.82
430,Pinawa,CA,2020-01-04 11:21:02,50.15,-95.88,19.62,96,100,3.87
431,Lafia,NG,2020-01-04 11:21:03,8.5,8.51,90.54,13,0,9.95
432,Christchurch,NZ,2020-01-04 11:21:03,-43.53,172.64,54.0,81,43,3.36
433,Castellarano,IT,2020-01-04 11:21:04,44.51,10.73,55.99,76,31,8.05
434,Ferme-Neuve,CA,2020-01-04 11:21:04,46.7,-75.45,20.62,87,80,3.74
435,Coquimbo,CL,2020-01-04 11:19:03,-29.95,-71.34,59.0,87,90,5.82
436,Talaya,RU,2020-01-04 11:21:05,55.79,84.89,19.0,78,40,13.42
437,Kununurra,AU,2020-01-04 11:21:06,-15.77,128.74,87.8,58,90,6.93
438,Benjamin Hill,MX,2020-01-04 11:21:06,30.17,-111.1,43.0,74,0,5.99
439,Nikolayevsk-Na-Amure,RU,2020-01-04 11:21:06,53.14,140.72,-3.84,92,100,5.12
440,San Jeronimo,PE,2020-01-04 11:21:07,-13.65,-73.37,48.2,87,90,2.24
441,Srednekolymsk,RU,2020-01-04 11:19:14,67.46,153.71,0.27,67,87,3.04
442,Parana,BR,2020-01-04 11:21:08,-7.52,-72.89,73.71,90,62,2.06
443,Fayetteville,US,2020-01-04 11:17:43,36.06,-94.16,37.0,55,1,10.29
444,Burla,RU,2020-01-04 11:21:08,53.34,78.33,15.3,92,66,12.8
445,Teguise,ES,2020-01-04 11:21:09,29.06,-13.56,66.2,72,20,16.11
446,Cuamba,MZ,2020-01-04 11:21:09,-14.8,36.54,86.09,65,100,2.66
447,Thinadhoo,MV,2020-01-04 11:21:10,0.53,72.93,84.38,62,98,4.47
448,Adrar,DZ,2020-01-04 11:19:58,27.87,-0.29,50.0,43,71,17.22
449,Thanjavur,IN,2020-01-04 11:21:11,10.79,79.14,91.4,52,20,6.93
450,Isla Vista,US,2020-01-04 11:17:41,34.41,-119.86,52.0,86,1,3.36
451,Pisco,PE,2020-01-04 11:18:51,-13.71,-76.2,70.0,88,75,9.17
452,Santa Branca,BR,2020-01-04 11:21:12,-23.4,-45.88,69.8,77,40,2.24
453,Hirado,JP,2020-01-04 11:21:12,33.32,129.49,50.0,66,75,13.87
454,Lompoc,US,2020-01-04 11:21:13,34.64,-120.46,48.99,93,20,5.82
455,Dubbo,AU,2020-01-04 11:21:13,-32.25,148.6,96.8,15,17,10.29
456,Pacific Grove,US,2020-01-04 11:21:14,36.62,-121.92,52.0,87,20,3.36
457,Cabo San Lucas,MX,2020-01-04 11:21:14,22.89,-109.91,62.01,78,0,2.17
458,Minot,US,2020-01-04 11:16:40,48.23,-101.3,21.99,79,90,9.17
459,Manokwari,ID,2020-01-04 11:19:46,-0.87,134.08,74.05,85,100,8.5
460,Islahiye,TR,2020-01-04 11:21:15,37.03,36.63,51.01,81,75,4.7
461,Pekalongan,ID,2020-01-04 11:21:16,-6.89,109.67,76.95,91,100,5.06
462,Novorudnyy,RU,2020-01-04 11:21:17,51.5,58.19,24.8,85,90,15.66
463,Beringovskiy,RU,2020-01-04 11:19:02,63.05,179.32,-8.54,74,0,16.4
464,Gambo,CF,2020-01-04 11:21:17,4.65,22.26,98.08,18,88,5.1
465,Marechal Candido Rondon,BR,2020-01-04 11:21:18,-24.56,-54.06,73.29,73,24,7.43
466,Alamos,AR,2020-01-04 11:21:18,-36.9,-62.36,76.28,44,46,10.6
467,Nemuro,JP,2020-01-04 11:21:19,43.32,145.57,24.22,60,42,20.85
468,Ponta Do Sol,BR,2020-01-04 11:21:19,-20.63,-46.0,72.28,86,86,7.58
469,Trairi,BR,2020-01-04 11:21:20,-3.28,-39.27,82.15,70,93,6.8
470,Verkhnyaya Inta,RU,2020-01-04 11:21:20,65.99,60.32,32.67,97,100,16.89
471,Areia Branca,BR,2020-01-04 11:21:21,-10.76,-37.31,84.2,66,40,12.75
472,Pandan,PH,2020-01-04 11:21:21,11.72,122.09,80.6,76,13,23.38
473,Kitgum,UG,2020-01-04 11:21:21,3.3,32.88,88.81,29,71,8.52
474,Baoqing,CN,2020-01-04 11:21:22,46.32,132.2,2.07,83,0,7.54
475,Ambunti,PG,2020-01-04 11:21:22,-4.22,142.82,75.43,97,65,2.37
476,Malibu,MX,2020-01-04 11:18:07,16.77,-93.16,61.5,97,100,5.97
477,Pradera,CO,2020-01-04 11:21:23,3.42,-76.24,66.2,88,75,2.37
478,Nayoro,JP,2020-01-04 11:21:23,44.36,142.46,12.34,97,100,2.39
479,Cayenne,GF,2020-01-04 11:21:24,4.94,-52.33,80.6,83,40,4.7
480,San Quintin,PH,2020-01-04 11:21:24,17.54,120.52,70.75,80,0,5.08
481,Port Keats,AU,2020-01-04 11:21:24,-14.25,129.55,83.64,77,99,8.61
482,Akhtanizovskaya,RU,2020-01-04 11:21:25,45.32,37.1,50.0,57,0,4.47
483,Sobolevo,RU,2020-01-04 11:21:25,54.43,31.9,34.88,97,100,12.24
484,Lazaro Cardenas,MX,2020-01-04 11:21:26,28.39,-105.62,30.0,81,0,1.01
485,Tual,ID,2020-01-04 11:21:26,-5.67,132.75,82.26,81,100,20.04
486,Brae,GB,2020-01-04 11:21:26,60.4,-1.35,39.2,60,20,3.36
487,Bassano,CA,2020-01-04 11:21:27,50.79,-112.47,39.0,65,100,14.0
488,Benjamin Constant,BR,2020-01-04 11:21:27,-4.38,-70.03,75.2,94,100,2.24
489,Vestmannaeyjar,IS,2020-01-04 11:21:28,63.44,-20.27,33.8,100,90,55.25
490,Pinyug,RU,2020-01-04 11:21:28,60.25,47.79,31.33,91,100,11.1
491,Malishka,AM,2020-01-04 11:21:28,39.74,45.39,39.2,69,90,9.17
492,Powell River,CA,2020-01-04 11:21:29,49.84,-124.52,44.01,70,40,10.29
493,Haines Junction,CA,2020-01-04 11:21:29,60.75,-137.51,-12.01,98,97,3.11
494,Nizwa,OM,2020-01-04 11:21:30,22.93,57.53,71.56,35,0,6.98
495,Garowe,SO,2020-01-04 11:21:30,8.41,48.48,86.36,35,42,10.96
496,Luau,CD,2020-01-04 11:21:31,-10.7,22.23,70.56,86,100,3.11
497,Mountain Home,US,2020-01-04 11:19:11,43.13,-115.69,42.8,61,1,23.04
498,Kutum,SD,2020-01-04 11:21:32,14.2,24.66,76.08,17,0,10.27
499,Itarema,BR,2020-01-04 11:21:32,-2.92,-39.92,85.46,64,100,9.04
500,Santa Maria,BR,2020-01-04 11:18:29,-16.02,-48.01,73.4,78,75,11.41
501,Howard Springs,AU,2020-01-04 11:21:33,-12.5,131.05,86.0,66,75,5.82
502,San Matias,BO,2020-01-04 11:21:33,-16.36,-58.4,84.52,57,67,4.54
503,Don Sak,TH,2020-01-04 11:21:34,9.32,99.69,84.2,74,20,9.17
504,Rosarito,CO,2020-01-04 11:21:34,4.91,-75.23,68.0,81,40,6.93
505,Romny,UA,2020-01-04 11:21:35,50.74,33.49,34.14,81,22,10.09
506,Betsiamites,CA,2020-01-04 11:21:35,48.94,-68.65,33.8,80,90,8.05
507,Kirkuk,IQ,2020-01-04 11:21:35,35.47,44.4,52.52,58,90,8.37
508,Jacareacanga,BR,2020-01-04 11:19:17,-6.22,-57.76,73.8,95,100,2.51
509,Aykhal,RU,2020-01-04 11:21:36,65.95,111.51,-16.6,75,100,4.47
510,La Ronge,CA,2020-01-04 11:21:37,55.1,-105.3,12.2,85,90,10.29
511,Angoche,MZ,2020-01-04 11:21:37,-16.23,39.91,87.44,71,63,4.0
512,Guiyang,CN,2020-01-04 11:21:37,26.58,106.71,55.4,87,90,8.95
513,Phalaborwa,ZA,2020-01-04 11:21:38,-23.95,31.14,95.0,39,47,3.36
514,Pangai,TO,2020-01-04 11:21:38,-19.8,-174.35,78.76,68,0,6.35
515,Yeppoon,AU,2020-01-04 11:21:39,-23.13,150.74,77.0,61,0,6.93
516,Kirillov,RU,2020-01-04 11:21:39,59.86,38.38,33.8,80,90,6.71
517,Tutoia,BR,2020-01-04 11:21:40,-2.76,-42.27,82.11,79,97,5.68
518,Russell,US,2020-01-04 11:21:40,38.9,-98.86,26.01,85,1,5.82
519,Preobrazheniye,RU,2020-01-04 11:21:40,42.9,133.91,11.68,69,0,7.09
520,Taseyevo,RU,2020-01-04 11:21:41,57.22,94.9,18.88,90,83,6.49
521,Shimoda,JP,2020-01-04 11:21:42,34.7,138.93,46.99,61,20,10.29
522,Arona,IT,2020-01-04 11:21:43,45.76,8.56,57.0,75,36,2.24
523,Severo-Yeniseyskiy,RU,2020-01-04 11:21:43,60.37,93.04,8.96,92,63,7.34
524,Tezu,IN,2020-01-04 11:21:43,27.93,96.16,57.07,96,81,2.91
525,Ternate,PH,2020-01-04 11:21:44,14.29,120.72,81.0,65,20,5.82
526,Lata,IN,2020-01-04 11:21:44,30.78,78.62,12.36,99,100,8.05
527,Chumikan,RU,2020-01-04 11:21:45,54.72,135.31,-4.5,71,0,10.8
528,Along,IN,2020-01-04 11:21:45,28.17,94.8,52.3,98,76,0.69
529,Dombarovskiy,RU,2020-01-04 11:21:46,50.76,59.54,13.64,94,67,9.8
530,San Policarpo,PH,2020-01-04 11:21:46,12.18,125.51,80.44,80,53,15.26
531,Port Blair,IN,2020-01-04 11:17:06,11.67,92.75,81.57,78,23,13.2
532,Rio Gallegos,AR,2020-01-04 11:18:31,-51.62,-69.22,48.2,70,31,13.87
533,Evensk,RU,2020-01-04 11:20:10,61.92,159.24,8.44,58,65,10.29
534,Boddam,GB,2020-01-04 11:21:48,57.47,-1.78,43.0,93,75,5.82
535,Bargarh,IN,2020-01-04 11:21:48,25.14,81.45,64.76,60,30,3.89
536,Kihei,US,2020-01-04 11:21:49,20.76,-156.45,73.4,88,90,11.41
537,Mackay,CA,2020-01-04 11:21:49,53.65,-115.58,15.8,100,90,2.24
538,Sola,TZ,2020-01-04 11:21:49,-3.17,33.8,82.13,49,100,11.52
539,Hokitika,NZ,2020-01-04 11:21:50,-42.72,170.96,56.53,72,90,14.09
540,Quatre Cocos,MU,2020-01-04 11:21:51,-20.21,57.76,82.0,78,75,11.41
541,Norton Shores,US,2020-01-04 11:17:20,43.17,-86.26,33.8,69,90,3.36
542,Goleniow,PL,2020-01-04 11:21:51,53.56,14.83,43.0,86,90,12.75
543,Havre,US,2020-01-04 11:21:52,48.55,-109.68,39.2,64,1,19.46
544,George Town,MY,2020-01-04 11:21:52,5.42,100.33,91.0,52,20,11.41
545,Labuan,BN,2020-01-04 11:21:53,5.28,115.24,82.4,78,75,10.29
546,Pooler,US,2020-01-04 11:19:19,32.12,-81.25,70.0,88,90,13.87
547,Maracaju,BR,2020-01-04 11:21:54,-21.61,-55.17,76.77,77,38,4.07
548,Aquiraz,BR,2020-01-04 11:21:54,-3.9,-38.39,86.0,74,75,6.93
549,Coihaique,CL,2020-01-04 11:21:22,-45.58,-72.07,51.8,62,75,6.93
